"Found","Response Code","Content Length"
"/call","301","1047"
"/carpet","301","1051"
"/flag","301","1049"
"/checkout.php","504","1001"
"/dig","504","989"
"/index.html","200","1051"
"/faculty","504","991"
"/fancybox.php","504","1003"
"/comment.txt","504","999"
"/copies.txt","504","999"
"/crack.txt","504","999"
"/hidden","504","1001"
"/hi","504","993"
"/cr.txt","504","1003"
"/greybox.php","504","993"
"/css.txt","504","995"
"/howto","504","993"
"/hilfe.php","504","989"
"/hire.php","504","1001"
"/daily.txt","504","1003"
"/data.txt","504","991"
"/highslide.php","504","999"
"/ignore","504","999"
"/dbase.txt","504","1005"
"/bot-trap.txt","502","993"
"/hipaa.php","504","993"
"/date.txt","504","991"
"/chk.php","502","993"
"/hide","504","1045"
"/dns.txt","504","991"
"/bat.txt","502","993"
"/Graphics.php","504","997"
"/intel.php","504","995"
"/httpuser","504","999"
"/drivers.txt","504","999"
"/joomla","504","997"
"/journals","504","997"
"/intra.php","504","995"
"/cpw.txt","504","995"
"/green.php","504","991"
"/hidden.php","504","995"
"/dokuwiki.txt","504","999"
"/install-xoffers.php","504","993"
"/checkout_iclear.php","504","995"
"/credit.txt","502","987"
"/fk.php","504","987"
"/dat.php","502","993"
"/ezsqliteadmin","504","989"
"/DMSDump.txt","504","1005"
"/customgroupicons.txt","504","999"
"/it","504","1001"
"/grid.php","504","1001"
"/left.php","504","991"
"/custom_log.txt","504","1001"
"/INSTALL_admin.php","504","987"
"/jsp2","504","997"
"/e107_admin.txt","504","997"
"/intelligence.php","504","991"
"/install.pgsql.php","504","995"
"/install-xaom.php","504","997"
"/download.txt","504","997"
"/inter.php","504","991"
"/jboss","504","995"
"/Documents%20and%20Settings.txt","504","993"
"/happen.php","504","991"
"/hpwebjetadmin","504","993"
"/cgi-pub.txt","502","993"
"/ipc.php","504","1007"
"/hacker.php","504","993"
"/jhtml","504","995"
"/javac","502","993"
"/id_rsa.pub","504","1005"
"/doubleclick.txt","504","991"
"/mta","504","993"
"/ip.php","504","999"
"/miscellaneous.php","504","995"
"/htdig","504","997"
"/index_adm.php","502","999"
"/high.php","502","995"
"/down.txt","504","1001"
"/dynamic.txt","504","997"
"/jexr","504","993"
"/java-sys","504","1003"
"/install-xpconf.php","504","1007"
"/hp","504","997"
"/handles.php","504","995"
"/callee.txt","504","997"
"/interactive.php","504","1005"
"/jessica","504","995"
"/jscripts","504","1007"
"/install-xsurvey.php","504","997"
"/inquiry.txt","504","1003"
"/dologin.txt","504","991"
"/custom.txt","504","999"
"/org.php","504","989"
"/interview.txt","504","995"
"/organisation.php","504","991"
"/hardware.php","504","997"
"/ips.php","504","999"
"/pipermail","504","995"
"/pipe","504","997"
"/performance.php","504","999"
"/peek.php","504","993"
"/skin","301","1055"
"/jsps.txt","504","989"
"/organisations.php","504","989"
"/javax","504","1005"
"/domain.txt","504","1007"
"/install-xrma.php","504","1003"
"/Pages","504","993"
"/install.txt","504","995"
"/opinion.php","504","993"
"/operator.php","504","993"
"/incubator.php","502","993"
"/perl.php","504","997"
"/projects.php","504","993"
"/maintenance","504","991"
"/juniper.txt","504","999"
"/pkg","504","993"
"/jump.txt","504","993"
"/perf.php","504","997"
"/","200","3834"
"/insert.txt","504","995"
"/opencart.php","504","995"
"/reseller","504","991"
"/input.txt","504","999"
"/sex","301","1048"
"/redirects.php","504","993"
"/mt-search.txt","504","991"
"/resolved","504","997"
"/secureprocess","504","993"
"/school","504","997"
"/searchurl","504","989"
"/rorindex.php","504","1003"
"/partners","504","989"
"/selection.php","504","991"
"/resellers","504","995"
"/papers.txt","504","989"
"/Sources","504","997"
"/signature.php","504","993"
"/sign_up.php","504","995"
"/secureform","504","1003"
"/log4net.php","502","1003"
"/sitecore.php","504","995"
"/pixel.txt","504","991"
"/spider","504","987"
"/siteadmin.php","504","1003"
"/sms.php","504","991"
"/ssn","504","995"
"/ssi","504","995"
"/pntemp.txt","504","995"
"/page-not-found","504","993"
"/questions.txt","504","991"
"/preferences","504","999"
"/thumbnails","504","993"
"/Spy","504","989"
"/table.php","504","993"
"/qinetiq.txt","504","997"
"/reports%20list","504","1001"
"/moved.txt","504","1005"
"/sitebuilder.php","504","993"
"/splash","504","997"
"/query.txt","504","995"
"/pnadodb.txt","504","997"
"/terms_privacy.php","504","1003"
"/qotd.txt","504","999"
"/podcasting.txt","504","993"
"/thumbnail","504","999"
"/rd.txt","504","1007"
"/reference.php","504","1011"
"/power_user.txt","504","993"
"/opendir.php","504","991"
"/shadow","301","1045"
"/releases.txt","504","997"
"/ingress.txt","504","995"
"/thickbox","504","999"
"/msql.txt","504","993"
"/init.txt","504","991"
"/signup.php","504","995"
"/informer.txt","504","995"
"/qpid.txt","504","989"
"/third-party","504","997"
"/tomcat-docs","504","995"
"/s.php","504","1003"
"/online.txt","504","1005"
"/securimage","504","997"
"/tooltip","502","993"
"/signaturepics.php","504","995"
"/sp","504","1001"
"/test.php","502","995"
"/call/","200","1054"
"/typolight.php","504","993"
"/partenaires","504","1005"
"/instructions.txt","504","1007"
"/extranet.php","504","995"
"/u.php","504","993"
"/ssl_check","504","997"
"/phpnuke.txt","504","993"
"/shipping_help.php","504","993"
"/space","504","995"
"/headers.php","504","997"
"/phppgadmin.txt","504","993"
"/move.txt","504","993"
"/realestate.txt","504","993"
"/toys","504","999"
"/sqlnet","504","999"
"/carpet/","200","1058"
"/pw_api.txt","504","991"
"/typo3conf.php","504","995"
"/phpMyAdmin2.txt","504","1005"
"/qa.txt","504","997"
"/self.php","504","995"
"/week","504","997"
"/webtrends","504","995"
"/vote.php","504","993"
"/ship.txt","504","999"
"/africa/","504","991"
"/vbs","504","997"
"/tomcat","504","995"
"/webadmin.php","504","989"
"/.git/HEAD/","504","991"
"/document.txt","504","991"
"/wstats","504","995"
"/smf.txt","504","997"
"/authorization/","504","993"
"/spiders.txt","504","1001"
"/zap","504","995"
"/zboard","504","1001"
"/wp-load.php","504","1005"
"/standalone.txt","504","993"
"/backdoor/","504","995"
"/sql-admin.txt","504","991"
"/z","504","1001"
"/hide/","200","1054"
"/playing.txt","504","995"
"/assetmanagement/","502","997"
"/xhtml","502","991"
"/sound.txt","502","993"
"/hop","504","993"
"/carbuyaction/","504","1001"
"/flag/","200","1060"
"/cas/","504","1005"
"/av/","502","991"
"/xxx","502","993"
"/.profile/","502","995"
"/wp-login.php","502","995"
"/bob/","504","995"
"/wml.txt","504","991"
"/d/","504","997"
"/wizmysqladmin.txt","504","997"
"/wii.txt","504","989"
"/bs/","504","991"
"/wolthuis.txt","504","997"
"/ckeditor/","502","1001"
"/xmlimporter.txt","504","999"
"/read.txt","502","993"
"/thread.txt","504","989"
"/users.txt","504","993"
"/card/","504","993"
"/usernames.txt","504","993"
"/fwlink/","504","997"
"/fw/","504","995"
"/g/","504","995"
"/this.txt","504","995"
"/statistics.txt","504","1001"
"/vbscripts","504","991"
"/inc/","504","997"
"/incs/","504","995"
"/Indy_admin/","504","993"
"/donate.txt","504","997"
"/int.txt","504","995"
"/payments","504","995"
"/payment_gateway","504","993"
"/call/1996","504","995"
"/login_db/","504","995"
"/login_sendpass/","504","997"
"/call/1998","504","1003"
"/incubator/","504","995"
"/fx/","504","991"
"/index/","504","1007"
"/index.php/","504","1001"
"/index.html/","504","999"
"/thumb","502","1007"
"/tags.php","502","1001"
"/sex/","200","1060"
"/queue.txt","502","991"
"/ticket","502","999"
"/shadow/","200","1052"
"/img2/","504","997"
"/queries.txt","502","1003"
"/imgs/","504","997"
"/skin/","200","1060"
"/queues.txt","502","997"
"/tape.php","502","993"
"/organisations/","504","1005"
"/index_2/","504","995"
"/call/index.html","200","1050"
"/call/conlib","504","993"
"/call/declarations","504","999"
"/math/","504","991"
"/call/declaration","504","995"
"/Recycled/","504","995"
"/thumbs.db","502","1005"
"/program/","502","991"
"/index.htm/","504","1001"
"/maven/","504","999"
"/cardinalform/","502","993"
"/threadtag.txt","502","997"
"/roam/","504","995"
"/ucenter/","504","997"
"/call/international","504","997"
"/Login/","504","995"
"/zh_TW/","504","989"
"/call/meta_login","504","1001"
"/carpet/api.php","504","997"
"/call/mirror","504","993"
"/carpet/autobackup.php","504","993"
"/carpet/bc","504","993"
"/call/mysqlmanager","504","1001"
"/carpet/avatar.php","504","993"
"/sandbox/","502","987"
"/carpet/_private","504","999"
"/carpet/.cache.php","504","999"
"/call/old","504","989"
"/carpet/buildr","504","999"
"/carpet/c","504","993"
"/carpet/blog_ajax.php","504","1003"
"/carpet/bz2","504","989"
"/call/meta_tags","504","995"
"/carpet/Blog.php","504","999"
"/call/operations","504","1003"
"/carpet/blue.php","504","987"
"/carpet/calendar","504","989"
"/carpet/blow.php","504","993"
"/carpet/cal","504","993"
"/psd/","502","1007"
"/carpet/50","504","997"
"/carpet/1001.php","504","995"
"/carpet/cfg","504","989"
"/call/log4net","504","995"
"/call/page","504","999"
"/wedding/","504","995"
"/carpet/automatic.php","504","991"
"/call/my-wishlist","504","1001"
"/carpet/bbadmin","504","995"
"/carpet/bb","504","993"
"/theme/","504","995"
"/stylesheet/","504","997"
"/sub/","504","995"
"/call/getfile","504","999"
"/call/mytag_js","502","989"
"/carpet/bandwidth","502","1005"
"/carpet/checkpoint.php","504","991"
"/carpet/common","504","995"
"/carpet/chris.php","504","989"
"/http/","504","993"
"/carpet/confirmed","504","1001"
"/carpet/bots.php","504","993"
"/carpet/cardinalauth","504","997"
"/carpet/bot.php","504","999"
"/tag.php","504","989"
"/qsc.txt","504","997"
"/question.txt","504","989"
"/privmsg/","504","1005"
"/carpet/autologin.php","504","991"
"/carpet/canada.php","504","1001"
"/carpet/charge","504","1001"
"/call/mytp","504","991"
"/carpet/authentication.php","504","1007"
"/privs/","504","995"
"/call/openbsd","504","989"
"/carpet/checks.php","504","995"
"/call/pipe","504","1003"
"/sav/","502","997"
"/subdomains/","504","999"
"/talk.php","504","991"
"/talks.php","504","991"
"/stylesheets/","504","1005"
"/carpet/autodeploy.php","504","991"
"/carpet/consumer","504","997"
"/carpet/book.php","504","999"
"/call/myadmin","502","997"
"/call/priv","504","987"
"/carpet/confirm.php","504","997"
"/call/printview","504","995"
"/carpet/creation","504","993"
"/call/pol","504","989"
"/call/patches","504","993"
"/call/dwr","502","989"
"/carpet/close.php","504","997"
"/call/poker","504","999"
"/carpet/confirm","504","1001"
"/carpet/autodiscover.php","504","997"
"/threadtag","504","997"
"/info/","504","1001"
"/call/reports","504","989"
"/carpet/drupal","504","995"
"/carpet/index.html","200","1062"
"/call/role","504","993"
"/carpet/db_connect","504","995"
"/carpet/e-mail","504","997"
"/call/root","504","993"
"/carpet/document_library.php","504","991"
"/call/rorindex","504","1001"
"/carpet/done.php","504","1003"
"/call/rss20","504","997"
"/call/rtf","504","993"
"/carpet/en","504","999"
"/carpet/emu","504","991"
"/carpet/abuse.php","504","991"
"/mdb/","504","997"
"/call/phpsitemapng","504","1007"
"/carpet/college","504","997"
"/call/roam","504","995"
"/call/simpleLogin","504","993"
"/carpet/ez.php","504","1005"
"/carpet/forgotten","504","995"
"/call/provider","504","995"
"/carpet/formupdate","504","997"
"/carpet/failed.php","504","995"
"/carpet/failure.php","504","995"
"/carpet/format","504","991"
"/carpet/email-addresses","504","999"
"/carpet/editor","504","997"
"/carpet/faculty.php","504","993"
"/carpet/credits.php","504","999"
"/carpet/forgot","504","993"
"/carpet/ezshopper.php","504","1001"
"/carpet/DMSDump.php","504","991"
"/call/sitefiles","504","999"
"/carpet/docs.php","504","995"
"/carpet/email","504","1005"
"/call/roller","504","1001"
"/carpet/formatting","504","997"
"/carpet/docnote.php","504","1001"
"/call/support","504","995"
"/call/Support","504","993"
"/carpet/documentation.php","504","997"
"/call/taxonomy","504","997"
"/carpet/gz.php","504","991"
"/carpet/ibm","504","993"
"/call/Technology","504","993"
"/carpet/handlers.php","504","995"
"/carpet/15.txt","504","997"
"/call/temporary","504","997"
"/carpet/head.php","504","999"
"/carpet/gift.php","504","991"
"/carpet/_template.txt","504","991"
"/carpet/history","504","997"
"/call/sitebuilder","504","995"
"/carpet/gfx.php","504","997"
"/carpet/gg.php","504","989"
"/carpet/hi","504","999"
"/carpet/_swf.txt","504","1003"
"/call/SUNWmc","504","1011"
"/carpet/helpdesk","504","997"
"/call/suite","504","997"
"/carpet/_vti_bin.txt","504","999"
"/call/sunos","504","991"
"/carpet/_vti_bin/_vti_adm/admin.dll.txt","504","997"
"/carpet/formmail","504","997"
"/carpet/_themes.txt","504","995"
"/carpet/gid.php","504","993"
"/call/support_login","504","991"
"/carpet/_templates.txt","504","997"
"/carpet/helpers","504","993"
"/call/sitecore","504","1001"
"/carpet/formslogin","504","995"
"/carpet/helper","504","993"
"/carpet/jakarta","504","993"
"/carpet/japan","504","995"
"/carpet/h.php","502","995"
"/carpet/and.php","504","991"
"/carpet/ajax.txt","504","993"
"/call/updates","504","995"
"/call/upgrade","504","993"
"/carpet/jbossws","504","997"
"/carpet/ajax_cron.txt","504","997"
"/call/umbraco_client","504","999"
"/call/updater","504","995"
"/carpet/20.txt","504","997"
"/call/tellafriend","504","991"
"/carpet/1x1.txt","504","997"
"/carpet/ie","504","993"
"/call/ucp","504","993"
"/carpet/1993.txt","502","995"
"/carpet/200.txt","504","997"
"/call/technical","502","999"
"/carpet/gwt.php","502","997"
"/carpet/idea","502","1003"
"/carpet/install-xsurvey.php","504","993"
"/carpet/htm.php","504","993"
"/carpet/ini","504","991"
"/carpet/accessories.txt","504","993"
"/call/tip","504","1001"
"/carpet/htdig.php","504","1005"
"/carpet/htbin.php","504","991"
"/carpet/javax","504","999"
"/call/summary","504","997"
"/carpet/htdocs.php","504","997"
"/carpet/access.1.txt","504","995"
"/carpet/acc.txt","504","991"
"/carpet/infraction","504","991"
"/call/timeline","504","997"
"/carpet/ingress","504","1003"
"/carpet/information","504","1005"
"/carpet/emails","504","993"
"/carpet/giftcert.php","502","993"
"/carpet/index_files.php","502","999"
"/carpet/adobe.txt","502","993"
"/call/typo3temp","502","1003"
"/carpet/AdminService.txt","502","997"
"/carpet/AdminTools.txt","502","993"
"/carpet/index_2.php","502","993"
"/carpet/index_adm.php","502","999"
"/carpet/index_1.php","502","997"
"/carpet/adminsessions.txt","502","999"
"/carpet/migrate","504","993"
"/carpet/1990.txt","504","997"
"/carpet/1996.txt","504","1009"
"/carpet/1995.txt","504","995"
"/call/task","504","1005"
"/carpet/gv_faq.php","504","999"
"/call/te","504","1005"
"/call/tech","504","1005"
"/carpet/guidelines.php","504","997"
"/carpet/icon","504","997"
"/carpet/guest-tracking.php","504","997"
"/call/tasks","504","997"
"/carpet/id","504","1003"
"/carpet/13.txt","504","1003"
"/carpet/B.txt","504","1001"
"/carpet/1997.txt","504","995"
"/carpet/ht.php","504","991"
"/carpet/access_log.1.txt","504","993"
"/carpet/infos","504","995"
"/call/zones","504","991"
"/carpet/merchant2.php","504","991"
"/call/umts","504","991"
"/call/_common.txt","504","997"
"/call/login-redirect","504","989"
"/carpet/access-log.1.php","504","989"
"/carpet/adv.txt","504","999"
"/carpet/jar","504","1009"
"/call/uc_server","504","999"
"/carpet/2.txt","504","995"
"/carpet/choosing.txt","504","995"
"/call/_pages.txt","504","991"
"/carpet/cachemgr.txt","502","995"
"/call/100/","504","995"
"/carpet/closed.txt","504","991"
"/call/~mail.txt","504","989"
"/privs/~guest","504","995"
"/call/~root.txt","504","995"
"/call/101/","504","991"
"/carpet/index_var_de.php","502","999"
"/carpet/node","502","993"
"/carpet/notification","502","1003"
"/call/1994.txt","504","997"
"/carpet/if","504","999"
"/carpet/motd","504","995"
"/call/_install.txt","504","993"
"/carpet/callee.txt","504","995"
"/carpet/maps.php","504","997"
"/carpet/mrtg.php","504","997"
"/carpet/dbutil","504","997"
"/carpet/hack.php","504","993"
"/carpet/calc","504","991"
"/privs/50","504","997"
"/carpet/index1.php","502","989"
"/carpet/pagenotfound","504","987"
"/carpet/lat_signin.php","502","993"
"/call/tb","504","1001"
"/carpet/b.txt","502","1003"
"/privs/_backup","504","995"
"/call/_vti_inf/","502","991"
"/carpet/oradata.php","504","993"
"/privs/addreply","504","991"
"/carpet/pem","504","991"
"/privs/adclick","504","999"
"/call/admin.pl/","504","989"
"/carpet/coupon.txt","504","995"
"/call/_inc.txt","504","997"
"/privs/_dummy","504","999"
"/call/_include.txt","504","997"
"/carpet/ningbar","504","989"
"/carpet/paid.php","504","993"
"/carpet/panel.php","504","1005"
"/privs/_derived.php","504","999"
"/privs/advert","504","999"
"/carpet/gfen.php","504","993"
"/carpet/getjobid.php","504","1003"
"/call/u","502","1001"
"/carpet/iw","502","1003"
"/carpet/item","502","999"
"/carpet/j2ee","502","1001"
"/carpet/ADMON.txt","502","1003"
"/call/U","502","997"
"/carpet/pntemp","504","993"
"/carpet/opml.php","504","991"
"/call/annual/","504","991"
"/carpet/poi","504","989"
"/carpet/pconf.php","504","995"
"/carpet/consulting","504","995"
"/carpet/CMS.php","504","995"
"/carpet/pda.php","504","993"
"/privs/_vti_aut","504","1003"
"/carpet/phpinfos.php","504","995"
"/call/Articles.txt","504","989"
"/carpet/pipermail.php","504","995"
"/carpet/pricelist","504","989"
"/call/_vti_log/","502","997"
"/privs/2013.php","504","993"
"/call/webapps","502","995"
"/carpet/profil","504","1001"
"/carpet/popup_image.php","504","999"
"/call/BackOffice/","504","1001"
"/carpet/popup_magnifier.php","504","991"
"/call/awmdata.txt","504","997"
"/call/b.txt","504","995"
"/call/backup2/","504","989"
"/call/axis.txt","504","991"
"/carpet/popup_info.php","504","999"
"/call/B.txt","504","1001"
"/call/axis2-admin.txt","504","993"
"/carpet/portfolio.php","504","1001"
"/call/adverts.txt","504","991"
"/privs/advertisement","504","1001"
"/carpet/pii","504","991"
"/carpet/protect","504","997"
"/call/6/","504","989"
"/carpet/country.txt","504","999"
"/privs/addons","504","1005"
"/call/admin_login/","504","1001"
"/call/amanda.txt","504","993"
"/carpet/placeorder.php","504","1003"
"/privs/_images","504","989"
"/carpet/nobody","504","995"
"/call/_js.txt","504","993"
"/carpet/direct.txt","504","1003"
"/carpet/psql","504","997"
"/call/batch.txt","504","995"
"/carpet/pam.php","504","993"
"/privs/_vti_bin/_vti_adm/admin.dll.php","504","999"
"/carpet/modem.php","504","1003"
"/privs/banner","504","997"
"/call/_tempalbums/","504","989"
"/call/_reports/","504","997"
"/carpet/CVS/Root.txt","504","999"
"/carpet/mode.php","504","991"
"/call/admin_c/","504","991"
"/call/agency/","504","993"
"/carpet/pear","504","995"
"/carpet/ping","504","999"
"/carpet/pc.php","504","993"
"/call/accommodation/","502","989"
"/carpet/emailsignup","504","999"
"/call/b2c.txt","504","991"
"/privs/~user/","504","997"
"/privs/account.php","504","997"
"/carpet/progress","504","997"
"/carpet/rcLogin","504","997"
"/call/bookmark/","504","997"
"/call/bookstore.txt","504","997"
"/privs/actions/","504","989"
"/call/books/","504","999"
"/carpet/program.php","504","989"
"/carpet/programming.php","504","991"
"/call/boost_stats.txt","504","993"
"/privs/activate/","504","993"
"/carpet/prog.php","504","999"
"/call/bookmarks/","504","995"
"/carpet/rcp","504","989"
"/privs/bnnr","504","997"
"/carpet/encrypt.txt","504","989"
"/privs/board","504","995"
"/call/boot.txt","504","999"
"/call/bots.txt","504","993"
"/carpet/ratings","504","993"
"/call/booking/","504","995"
"/privs/advertising.php","504","997"
"/privs/address","504","999"
"/call/banneradmin/","502","1001"
"/carpet/postinfo.php","502","991"
"/call/bak-up/","504","997"
"/privs/axis2-admin","504","997"
"/carpet/premiere.php","502","997"
"/carpet/pressreleases","504","999"
"/carpet/rating0","504","991"
"/privs/advisories.php","504","999"
"/carpet/encrypted.txt","504","993"
"/call/advice.txt","504","991"
"/privs/advice.php","504","1001"
"/privs/_/","502","999"
"/privs/_db_backups.php","504","991"
"/carpet/_tempalbums.txt","504","995"
"/carpet/high","504","997"
"/carpet/_temp.txt","504","991"
"/carpet/hide","504","997"
"/call/suites","504","999"
"/call/categories/","504","995"
"/carpet/getout.php","504","993"
"/call/bot.txt","504","995"
"/call/bottom.txt","504","993"
"/privs/accessgranted.php","502","1005"
"/privs/0/","502","995"
"/privs/~webmaster/","502","987"
"/privs/~www/","502","989"
"/privs/awmdata/","504","993"
"/call/college/","504","995"
"/call/comment.txt","504","997"
"/carpet/freeware.txt","504","999"
"/sub/academic.php","504","1005"
"/call/b1.txt","502","993"
"/privs/adview.php","504","1003"
"/privs/comp","504","997"
"/privs/acp/","504","1003"
"/privs/columns","504","1007"
"/privs/comics","504","989"
"/call/contact-form/","504","989"
"/carpet/section","504","993"
"/call/aggregator/","504","993"
"/carpet/encyption.txt","504","997"
"/carpet/programs.php","504","993"
"/carpet/robotics.php","502","1001"
"/carpet/functionlude.txt","504","995"
"/carpet/france.txt","502","995"
"/call/customer_login/","504","1001"
"/carpet/skip","504","989"
"/info/_files.php","504","999"
"/carpet/shopadmin","504","991"
"/sav/.history.php","504","1003"
"/privmsg/_images","504","993"
"/http/.web/","504","995"
"/info/_mygallery/","504","993"
"/subdomains/.cache/","504","993"
"/call/datafiles/","504","997"
"/privs/changelog.php","504","991"
"/info/~lp.php","504","997"
"/privs/dblclk","504","993"
"/call/dbm.txt","504","995"
"/carpet/special","504","999"
"/subdomains/_dev.txt","504","999"
"/sav/_cache/","504","999"
"/info/~admin.txt","504","991"
"/privmsg/_templates","504","995"
"/http/_mm","504","1005"
"/carpet/hr.txt","504","997"
"/subdomains/_/","504","999"
"/subdomains/_layouts.php","504","995"
"/sav/.subversion","504","997"
"/sav/_database.txt","504","993"
"/call/dbmodules.txt","504","999"
"/call/_vti_log/.passwd/","504","991"
"/privs/categoria/","504","995"
"/sub/aspdnsfpatterns.php","504","993"
"/privmsg/_src","504","989"
"/privmsg/_net.txt","504","997"
"/info/~logs","504","995"
"/info/~test/","504","993"
"/sav/.bash_history.txt","504","989"
"/privs/buy/","504","993"
"/carpet/show_post.php","504","993"
"/privmsg/_layouts.txt","502","989"
"/call/dba.txt","502","997"
"/sub/apexec.php","504","991"
"/info/_common.txt","504","995"
"/info/_assets/","504","989"
"/http/_code.php","504","999"
"/privs/car.php","504","1003"
"/info/.sh_history","504","999"
"/http/_vti_script.php","504","995"
"/sav/_mem_bin.php","504","995"
"/privmsg/1999","504","993"
"/stylesheet/.git/HEAD.php","504","1001"
"/theme/.cvs.php","504","1001"
"/info/200/","504","997"
"/privs/chpasswd/","504","995"
"/theme/.history.txt","504","991"
"/sav/_vti_txt","504","995"
"/subdomains/02.txt","504","993"
"/wedding/.cache/","504","997"
"/stylesheet/.rhosts/","504","989"
"/sav/08.txt","504","999"
"/sav/~nobody.php","504","991"
"/roam/_css.php","504","995"
"/subdomains/~root/","504","1001"
"/privmsg/_database/","504","1003"
"/http/2010.txt","504","989"
"/privmsg/21","504","995"
"/http/2008.php","504","993"
"/http/12/","504","1003"
"/privmsg/2000.txt","504","991"
"/info/A.txt","504","995"
"/info/2g.txt","504","995"
"/privs/chpwd/","504","999"
"/privs/dialog","504","993"
"/subdomains/_vti_pvt/","504","993"
"/info/2g.php","504","1001"
"/stylesheet/.htaccess/","504","999"
"/sub/.perf/","504","999"
"/theme/_db_backups","504","995"
"/http/10/","504","993"
"/psd/.mysql_history","504","997"
"/sav/200.txt","504","1003"
"/sav/20.txt","504","1001"
"/call/_vti_log/~sysadmin/","504","1003"
"/subdomains/2000.txt","504","1001"
"/psd/.mysql_history.php","504","993"
"/stylesheet/_catalogs","504","995"
"/carpet/infraction.txt","504","993"
"/sub/_vti_bin/shtml.dll.php","502","1003"
"/info/4/","502","993"
"/wedding/_conf/","504","993"
"/sub/_mem_bin/","504","1001"
"/info/96","504","987"
"/psd/.web","504","995"
"/sandbox/.htaccess.php","504","1001"
"/call/docebo/","504","991"
"/sub/bb.php","504","995"
"/carpet/sr.php","504","1003"
"/carpet/Search","504","995"
"/call/clicks.txt","504","1001"
"/call/clickout.txt","504","999"
"/http/a.txt","504","999"
"/privs/clear","504","991"
"/call/classroompages/","504","1005"
"/carpet/forgot.txt","504","993"
"/carpet/sb","504","997"
"/psd/_ajax.php","504","995"
"/privmsg/403","502","993"
"/theme/_css/","502","995"
"/Login/.cache","504","997"
"/carpet/ssh.php","504","987"
"/sandbox/_adm","504","1005"
"/info/403.php","502","995"
"/sav/2014.txt","504","993"
"/info/400.php","502","995"
"/theme/_overlay.php","504","995"
"/stylesheet/_include/","502","999"
"/stylesheet/_resources/","504","991"
"/sav/403.txt","504","995"
"/sandbox/.svn/entries.txt","504","1001"
"/zh_TW/.profile","504","1003"
"/sub/_scripts/","502","993"
"/call/dologin/","502","997"
"/wedding/_notes.php","504","1003"
"/wedding/_dev","504","989"
"/carpet/sql.php","504","1005"
"/info/accommodation/","504","993"
"/http/2g","504","995"
"/sav/25/","504","995"
"/zh_TW/.subversion","504","995"
"/zh_TW/.sh_history.php","504","1003"
"/subdomains/2008/","504","989"
"/sav/3g.php","504","997"
"/http/2010","504","999"
"/call/deletion.txt","504","993"
"/call/_vti_log/200/","504","993"
"/stylesheet/_styles","504","997"
"/carpet/happening.txt","504","1001"
"/zh_TW/_baks.txt","504","995"
"/info/abcd1234/","502","991"
"/carpet/internal.txt","504","991"
"/subdomains/50.php","502","995"
"/subdomains/9.txt","504","991"
"/sav/2006","502","995"
"/psd/_net/","504","999"
"/sandbox/_images","504","993"
"/carpet/startpage.php","504","999"
"/info/_include","504","995"
"/info/acp","504","993"
"/theme/_vti_cnf","504","1001"
"/http/about-us/","504","997"
"/privmsg/account_edit","504","997"
"/sandbox/_install/","504","993"
"/ucenter/.htpasswd","504","993"
"/wedding/_stats/","504","993"
"/Login/_archive","504","991"
"/psd/_stats.txt","504","993"
"/sav/300","504","997"
"/sandbox/_mmserverscripts/","504","1001"
"/privmsg/acc.txt","504","1001"
"/http/_vti_inf.php","504","995"
"/subdomains/2009/","504","997"
"/info/2008/","504","995"
"/privs/contactus.php","504","995"
"/wedding/_reports","504","993"
"/theme/_.php","504","993"
"/carpet/inf.txt","504","995"
"/privmsg/_includes/","504","995"
"/stylesheet/_code/","504","995"
"/zh_TW/.ssh.php","504","1003"
"/index/.bash_history.txt","504","993"
"/sex/~http/","502","995"
"/sandbox/_inc.txt","504","991"
"/http/acc","502","991"
"/stylesheet/_vti_bin/_vti_adm/admin.dll/","502","991"
"/wedding/_pages.php","504","995"
"/call/_vti_log/21/","504","999"
"/privs/compat/","504","993"
"/sandbox/_net/","504","991"
"/privmsg/~httpd","504","991"
"/privs/ckeditor.php","504","991"
"/carpet/skin.php","504","1001"
"/sav/_mmserverscripts/","504","993"
"/sav/_swf.txt","504","999"
"/sav/_styles.txt","504","997"
"/http/addreply.txt","504","1001"
"/privs/computing/","504","991"
"/privs/ebriefs","504","995"
"/sandbox/_files.php","502","995"
"/call/demo2/","504","993"
"/privs/Default","504","995"
"/roam/.htpasswd.txt","502","1001"
"/ucenter/_archive.txt","502","999"
"/ucenter/_.php","504","991"
"/maven/.git/HEAD","504","987"
"/stylesheet/0/","504","997"
"/zh_TW/_stats.php","504","991"
"/sandbox/_temp.txt","504","989"
"/theme/08/","504","995"
"/index/.web.txt","504","999"
"/sav/access-log.1.php","504","1003"
"/cardinalform/.config.php","502","991"
"/maven/.passwd/","504","993"
"/zh_TW/_dev","502","993"
"/Login/_mm.php","504","999"
"/sandbox/~admin","504","997"
"/subdomains/adaptive.php","504","997"
"/sav/act.txt","502","995"
"/subdomains/address.php","504","997"
"/roam/_derived/","504","993"
"/psd/05.txt","504","993"
"/index.htm/_backup","504","999"
"/sav/accounts","504","995"
"/ucenter/_mem_bin","502","995"
"/cardinalform/_dev.php","504","991"
"/maven/_borders.txt","504","995"
"/sav/adaptive/","504","991"
"/http/addpost/","502","993"
"/sav/ad.php","502","997"
"/index.htm/_assets.php","504","1003"
"/info/administrat","504","995"
"/info/administration/","504","995"
"/program/.swf.txt","504","991"
"/privs/el","504","995"
"/skin/.ssh","504","997"
"/skin/.rhosts.php","504","999"
"/privs/embedded","504","1003"
"/zh_TW/~mail.txt","504","993"
"/privmsg/30/","504","1003"
"/cardinalform/_net/","504","997"
"/sub/2005/","502","997"
"/theme/200","502","995"
"/psd/11/","504","989"
"/call/employers.txt","504","995"
"/skin/_data.php","504","1003"
"/math/.mysql_history.txt","504","997"
"/roam/a.php","504","997"
"/roam/_scripts.txt","504","997"
"/carpet/jpa.txt","504","997"
"/sav/admin4_account.txt","504","995"
"/maven/_include","504","995"
"/maven/_flash/","504","991"
"/roam/~sysadm.php","504","991"
"/cardinalform/_reports.php","502","999"
"/roam/_templates/","504","997"
"/sav/admin_login/","504","1005"
"/sav/admin_banner","504","997"
"/info/advertisers.txt","502","991"
"/cardinalform/_temp.php","504","1003"
"/skin/_js","504","991"
"/roam/_tmp.txt","504","991"
"/math/.swf.txt","504","995"
"/zh_TW/04.txt","504","997"
"/privmsg/9/","504","1001"
"/call/_vti_log/adclick/","504","997"
"/privmsg/96/","504","999"
"/http/admin2","502","1003"
"/sav/administracion.txt","504","997"
"/privmsg/8/","504","991"
"/maven/_res.txt","504","989"
"/imgs/_media","502","993"
"/theme/100.php","504","993"
"/call/e107_files/","504","995"
"/index.htm/_archive","504","991"
"/http/advancedsearch.txt","504","993"
"/ucenter/~www/","504","995"
"/Login/~root.txt","504","993"
"/subdomains/acatalog.php","504","1003"
"/skin/_baks.txt","504","999"
"/ucenter/~http","504","989"
"/ucenter/~user.txt","504","991"
"/info/africa","504","997"
"/Recycled/_archive.php","504","991"
"/cardinalform/_themes/","504","999"
"/sandbox/102.txt","504","995"
"/skin/_mmserverscripts","504","997"
"/stylesheet/3g/","504","995"
"/zh_TW/1000.php","504","999"
"/info/affiche/","504","991"
"/index/_templates.txt","504","995"
"/ucenter/~admin.php","504","997"
"/sav/admin4_colon.php","504","995"
"/theme/401/","504","993"
"/g/_vti_script","504","995"
"/Login/~sysadmin.txt","504","997"
"/cardinalform/_tmpfileop.php","504","991"
"/sub/calendars.php","502","997"
"/index.htm/_layouts.php","502","997"
"/privmsg/admin_interface.txt","502","989"
"/call/emailsignup.txt","502","997"
"/cardinalform/_test.php","504","995"
"/login_db/.profile","504","1001"
"/privs/corp/","504","991"
"/program/_scriptlibrary.php","504","1003"
"/ucenter/_tmpfileop.txt","504","1001"
"/privs/emu","504","997"
"/Login/~sysadmin","504","1005"
"/privs/encode","504","995"
"/ucenter/_fpclass/","504","1001"
"/carpet/jsession.txt","504","995"
"/maven/.bashrc.txt","504","995"
"/privmsg/300/","502","995"
"/ucenter/_vti_bin/_vti_aut/author.dll.php","502","991"
"/carpet/jpegimage.txt","502","995"
"/skin/_install.php","502","995"
"/skin/_conf/","502","991"
"/privmsg/advertising.txt","504","997"
"/Recycled/_temp/","504","995"
"/skin/_themes","504","993"
"/cardinalform/_swf.txt","504","1001"
"/carpet/textpattern","504","1003"
"/wedding/200/","504","995"
"/program/_layouts.txt","504","991"
"/zh_TW/00.txt","504","997"
"/ucenter/_www.php","504","991"
"/program/_js.txt","504","1001"
"/g/03","504","993"
"/zh_TW/2002.php","504","995"
"/index_2/.htpasswd/","504","995"
"/program/_vti_bin/_vti_adm/admin.dll","504","995"
"/cardinalform/_stats/","504","999"
"/ucenter/1990.txt","504","1003"
"/skin/_mem_bin.txt","504","987"
"/g/02","504","995"
"/fx/_images/","504","993"
"/privs/en_US","504","1003"
"/maven/_mygallery","504","991"
"/program/.cvsignore","504","995"
"/psd/~amanda","504","995"
"/roam/_includes","504","999"
"/sandbox/2004.txt","504","991"
"/privs/enable-cookies","504","1009"
"/sav/admin.cgi.txt","504","989"
"/index_2/_borders.php","504","995"
"/index.htm/~apache/","504","999"
"/math/_images/","504","999"
"/stylesheet/a.php","504","1001"
"/shadow/_data.txt","504","997"
"/math/_includes/","504","995"
"/math/_mm.txt","504","993"
"/roam/activex.php","504","999"
"/cardinalform/~operator.php","504","993"
"/Login/15.txt","504","995"
"/zh_TW/2007.php","504","997"
"/sav/advisories.txt","504","1001"
"/skin/_vti_bin/shtml.dll","504","997"
"/sav/adserver/","504","995"
"/privs/crime/","504","997"
"/index.html/07.txt","504","991"
"/index.htm/~bin.php","504","1001"
"/privs/crm/","504","993"
"/privmsg/admin.cgi","504","991"
"/g/_flash.txt","504","995"
"/skin/.cvs/","504","991"
"/Recycled/_old.php","504","1003"
"/roam/~user/","504","993"
"/theme/AboutUs.php","504","987"
"/g/_vti_bin/_vti_aut/author.dll/","504","993"
"/stylesheet/2008","504","993"
"/Recycled/_src","504","997"
"/cardinalform/_swf/","504","991"
"/psd/1991.php","504","1003"
"/zh_TW/02.txt","504","993"
"/Recycled/_private.php","504","1003"
"/info/any.php","504","989"
"/carpet/json-api.txt","504","1001"
"/zh_TW/2007","504","995"
"/Recycled/.sh_history.txt","504","997"
"/sex/1991/","504","997"
"/http/agenda.php","504","1007"
"/sub/accounts/","504","999"
"/index_2/_img.txt","504","995"
"/cardinalform/06.txt","504","991"
"/index.html/.hta.php","504","1001"
"/index.php/.listings","504","991"
"/subdomains/akamai.php","504","995"
"/Login/1998","504","997"
"/Login/1999.php","504","995"
"/theme/abcd.php","504","993"
"/index.html/.bash_history","504","997"
"/index.htm/_reports","504","995"
"/login_db/_catalogs.php","504","997"
"/ucenter/1","504","995"
"/maven/~user/","504","997"
"/sex/.htaccess.txt","504","991"
"/math/_stats.php","504","991"
"/privmsg/adaptive/","504","1003"
"/shadow/.cvs.php","504","995"
"/skin/_include.php","504","993"
"/index.htm/~httpd.txt","504","993"
"/privs/D.php","504","991"
"/call/_vti_log/AdminService/","504","991"
"/fwlink/.profile/","504","997"
"/ucenter/2003.php","504","997"
"/zh_TW/_template.txt","502","995"
"/call/_vti_log/AdminTools/","504","999"
"/maven/1.txt","504","1001"
"/Recycled/_vti_bin/_vti_adm/admin.dll.php","504","991"
"/http/alarm","504","997"
"/sex/action/","504","995"
"/sandbox/7z/","504","995"
"/privmsg/ajax_cron.txt","504","1007"
"/fwlink/.sh_history/","504","989"
"/wedding/abcd","502","997"
"/sav/action.php","502","993"
"/imgs/1001","504","987"
"/ucenter/1995","502","995"
"/index.php/_notes.php","502","995"
"/privmsg/advanced_search","504","995"
"/wedding/about-us/","502","997"
"/fx/_themes/","504","989"
"/maven/1000.txt","504","997"
"/Recycled/_vti_bin/_vti_aut/author.dll.php","504","993"
"/info/annual/","504","993"
"/program/~http","502","1001"
"/privmsg/adlog/","504","989"
"/zh_TW/5.txt","504","995"
"/g/2007","504","997"
"/Recycled/_tmpfileop.php","504","995"
"/cardinalform/_img","524","997"
"/sandbox/~sysadm","524","989"
"/stylesheet/12.txt","524","999"
"/Login/_src.php","524","993"
"/psd/100.txt","524","999"
"/carpet/jigsaw.txt","524","999"
"/Login/_vti_log/","524","989"
"/theme/addpost","504","995"
"/privmsg/am.txt","504","999"
"/incubator/.passwd.txt","504","997"
"/theme/acct_login.php","504","1003"
"/maven/102.php","504","999"
"/index/.listing/","504","997"
"/maven/100/","504","997"
"/index.html/_.php","504","995"
"/index.php/_archive","504","993"
"/fx/.profile","504","999"
"/sex/.svn/entries.txt","504","989"
"/organisations/_catalogs.txt","504","1001"
"/index_2/_private.php","504","995"
"/sandbox/ac/","504","1001"
"/carpet/tpv","504","993"
"/login_sendpass/.history.php","504","989"
"/info/aol","502","997"
"/cardinalform/1991.txt","504","1005"
"/math/_vti_inf","504","997"
"/imgs/2/","502","1005"
"/img2/.sh_history","504","993"
"/cardinalform/15","504","1001"
"/sex/_adm.php","504","989"
"/fx/_vti_bin/","504","991"
"/card/.git/HEAD/","504","991"
"/index/2.txt","504","1001"
"/info/app_browser/","504","993"
"/incubator/.bash_history.php","504","991"
"/call/_vti_log/adminsessions/","504","993"
"/maven/13/","504","995"
"/fwlink/.rhosts/","504","1005"
"/Recycled/1997/","504","991"
"/call/exchweb.txt","504","997"
"/index.htm/1991/","504","989"
"/subdomains/android.php","504","993"
"/psd/account_edit.php","504","989"
"/math/~bin","504","995"
"/inc/_common/","502","993"
"/incubator/.swf.txt","504","995"
"/login_db/_tmpfileop.txt","504","999"
"/imgs/_code.txt","504","995"
"/call/exiar.txt","504","991"
"/sub/Admin/","504","999"
"/incubator/_ajax.txt","504","999"
"/sav/analog.txt","504","995"
"/sub/cgi-exe.php","502","999"
"/fx/_ajax.php","504","999"
"/sav/alumni.txt","502","999"
"/index.html/_borders/","502","997"
"/roam/2003.txt","504","993"
"/bs/.cvs.php","502","999"
"/math/~amanda.txt","502","1001"
"/maven/1990.txt","502","991"
"/index_2/_install","502","997"
"/privmsg/admin2/","504","997"
"/Login/42.txt","502","991"
"/roam/1x1.txt","502","991"
"/maven/1998/","504","991"
"/Indy_admin/.mysql_history","502","997"
"/incubator/.web","502","993"
"/inc/.profile","502","995"
"/incs/.svn","504","997"
"/sex/activities/","504","997"
"/shadow/_adm/","504","1003"
"/login_db/_templates.php","504","995"
"/shadow/_common.php","504","995"
"/zh_TW/abc123","504","997"
"/ucenter/404/","502","995"
"/organisations/_mm","504","991"
"/subdomains/advisories/","502","993"
"/sex/_database","504","997"
"/img2/_flash.txt","504","995"
"/zh_TW/about_us","504","997"
"/wedding/ad","504","989"
"/math/_install/","504","1001"
"/imgs/1","504","995"
"/g/.listing.php","504","991"
"/imgs/_include.php","504","997"
"/shadow/_flash.txt","504","989"
"/info/arquivos.php","502","993"
"/img2/_derived.txt","502","995"
"/ucenter/96/","504","995"
"/index_2/~ftp.php","504","999"
"/incs/_code.txt","504","997"
"/roam/about","504","989"
"/fx/~user/","504","993"
"/sex/_install.txt","504","995"
"/Login/aaa.php","504","995"
"/info/ascii.txt","504","993"
"/incs/_conf/","504","997"
"/fx/_dev.txt","504","993"
"/fwlink/.swf.php","504","991"
"/fwlink/_mygallery/","504","997"
"/Indy_admin/_derived","504","1001"
"/ucenter/abuse/","504","1003"
"/index.php/_js.txt","504","999"
"/math/103.txt","504","999"
"/math/102.txt","504","993"
"/login_db/~sys","504","995"
"/psd/achitecture/","502","995"
"/cardinalform/2008.txt","502","995"
"/organisations/_temp/","504","995"
"/incubator/_img/","504","997"
"/wedding/admin_banner/","504","995"
"/Indy_admin/_derived.php","504","1001"
"/ckeditor/.subversion.txt","504","993"
"/cas/.svn","504","997"
"/program/2g.php","504","997"
"/ucenter/about_us","504","1003"
"/Recycled/2005/","502","993"
"/Indy_admin/_img","504","997"
"/g/_ajax.php","504","993"
"/sav/antibot_image.php","504","987"
"/cas/_admin.php","504","995"
"/incubator/_images.php","504","999"
"/fwlink/_reports/","504","1003"
"/sandbox/acp.txt","504","995"
"/incs/_derived/","504","999"
"/privmsg/adminpro/","504","995"
"/maven/25/","504","993"
"/bs/_common.php","504","997"
"/incs/_dev.txt","504","1001"
"/inc/_db_backups","504","999"
"/inc/_dev","504","993"
"/roam/advancedsearch.php","504","997"
"/ucenter/access_log.1/","504","991"
"/call/_vti_log/alpha/","504","999"
"/incubator/_inc.php","504","999"
"/call/faculty.txt","504","997"
"/bs/.git/HEAD/","504","999"
"/index.php/_tempalbums/","504","999"
"/subdomains/app_browsers.php","502","989"
"/fwlink/_resources/","504","997"
"/shadow/_layouts.php","502","991"
"/index.php/_mem_bin.txt","502","991"
"/index.htm/23.php","502","997"
"/math/01/","504","989"
"/fx/_old","502","993"
"/organisations/_swf/","502","1001"
"/fx/_private","502","999"
"/fx/_res","502","997"
"/fx/_pages","502","1003"
"/organisations/_test.php","502","995"
"/fx/_reports","502","1001"
"/organisations/_template/","502","1003"
"/fx/_resources","502","999"
"/Login/about_us.php","502","989"
"/index.php/_tempalbums","502","997"
"/wedding/admin_index.php","502","995"
"/call/fashion.txt","504","989"
"/ckeditor/_baks.txt","504","993"
"/roam/~user/_derived.php","504","995"
"/index.html/_scripts/","504","993"
"/privmsg/administrators/","502","993"
"/ucenter/accessgranted","504","991"
"/index.php/1001.php","504","989"
"/cas/.git/HEAD.txt","504","991"
"/incubator/_mmserverscripts","502","997"
"/index_2/_vti_cnf/","502","1001"
"/http/ar.txt","502","999"
"/privs/faces","502","993"
"/skin/2009.php","502","991"
"/privmsg/96/_mmserverscripts.txt","502","995"
"/privs/ezsqliteadmin","502","995"
"/index.php/1.php","502","999"
"/wedding/admin3/","502","993"
"/roam/affiliate_info.php","504","991"
"/login_sendpass/_res.txt","504","995"
"/fw/_inc.txt","504","997"
"/fw/_img.txt","504","995"
"/index/About.txt","504","993"
"/img2/_themes/","504","1001"
"/ucenter/account","504","995"
"/theme/admins/","504","997"
"/theme/admintools.txt","504","993"
"/index/_scripts.php","504","995"
"/math/15/","504","991"
"/bob/.perf","504","997"
"/fw/.hta","504","997"
"/sex/_resources.txt","504","1005"
"/fx/102/","504","991"
"/math/1992","504","1001"
"/fw/_files.php","504","997"
"/assetmanagement/.config.txt","504","993"
"/wedding/Administration.php","504","995"
"/cas/_database/","504","999"
"/carpet/titles.php","504","995"
"/theme/adminsql.txt","504","995"
"/privmsg/applications.txt","504","991"
"/index_2/~sysadm/","504","991"
"/incubator/_db_backups.php","502","995"
"/index.php/_template.txt","504","991"
"/zh_TW/activeCollab","504","997"
"/index.htm/6.txt","504","1003"
"/g/acatalog/","504","999"
"/sub/clear.php","504","997"
"/Recycled/about","504","993"
"/fw/_files/","502","993"
"/sub/advertise/","504","991"
"/shadow/_img.php","504","989"
"/sav/analog","504","987"
"/login_sendpass/_overlay","502","1001"
"/bob/.passwd","504","1009"
"/stylesheet/administrador.php","504","1009"
"/sex/_vti_log.txt","504","995"
"/incs/_stats/","504","989"
"/login_db/1990.php","504","997"
"/maven/96","504","991"
"/carbuyaction/.swf/","504","989"
"/fx/_templates.php","502","997"
"/Login/ad_js.txt","502","995"
"/http/ashley.txt","502","997"
"/incs/_source.txt","502","997"
"/zh_TW/address_book","504","993"
"/organisations/~adm.php","504","993"
"/imgs/_vti_aut.txt","504","989"
"/Login/access-log.1.php","504","995"
"/subdomains/AppsLogin.php","504","989"
"/psd/admin4_colon.php","502","993"
"/Recycled/1993.txt","502","993"
"/math/2g.txt","504","995"
"/subdomains/apps/","504","989"
"/av/@.php","504","991"
"/login_sendpass/_vti_bin/_vti_adm/admin.dll/","504","1003"
"/stylesheet/admintools.php","504","995"
"/roam/academic/","504","991"
"/img2/~admin.php","504","995"
"/img2/~bin.txt","504","995"
"/shadow/_vti_script.php","504","991"
"/zh_TW/addtocart","504","999"
"/av/_adm.php","504","991"
"/bs/_includes","504","999"
"/Recycled/2006.php","502","999"
"/roam/about-us.txt","502","995"
"/maven/abc.txt","502","999"
"/sub/Administration/","502","999"
"/fx/_vti_map.php","504","999"
"/d/_code.php","504","997"
"/fw/_mygallery.php","504","1001"
"/organisations/~www.txt","504","1001"
"/cardinalform/accessories.txt","504","989"
"/cardinalform/accommodation.txt","504","991"
"/flag/_admin/","504","999"
"/fw/_reports/","504","995"
"/sex/_www.php","504","997"
"/ckeditor/_install.txt","504","1003"
"/zh_TW/admin_area.php","504","995"
"/sav/architecture.php","504","995"
"/assetmanagement/.sh_history/","502","1001"
"/sex/_www","502","993"
"/assetmanagement/.profile.php","504","999"
"/bs/_database/","504","993"
"/index.htm/aboutus.php","502","997"
"/sav/appliation","502","997"
"/http/app_browsers/","504","997"
"/img2/~http.php","504","991"
"/ucenter/adlog/","504","991"
"/roam/alpha.php","504","999"
"/roam/~user/_tmpfileop.php","504","989"
"/fx/~logs","502","999"
"/wedding/admin2.txt","504","999"
"/sav/application.wadl/","502","1001"
"/ckeditor/_derived/","504","1001"
"/wedding/administrators/","504","995"
"/index.htm/abstract.txt","504","989"
"/imgs/_vti_pvt.php","502","993"
"/privs/Default/","502","989"
"/bs/_inc","502","991"
"/assetmanagement/.web","502","1001"
"/organisations/~webmaster.txt","502","1003"
"/cas/_pages","502","993"
"/carbuyaction/.perf/","502","1001"
"/Indy_admin/_vti_txt","504","1007"
"/carbuyaction/_cache/","504","993"
"/index/_vti_script","504","999"
"/subdomains/Archive/","504","991"
"/inc/_temp.php","504","997"
"/sav/articles.txt","504","995"
"/inc/_vti_aut","504","995"
"/math/2257","504","993"
"/index.htm/ac.txt","504","999"
"/.profile/_baks.txt","504","997"
"/subdomains/applet/","504","1003"
"/zh_TW/admin_interface.php","502","995"
"/index.php/~user/","504","1003"
"/card/_scripts","504","993"
"/index.htm/acatalog.txt","504","993"
"/d/_derived/","504","993"
"/index.php/2014.php","504","991"
"/wedding/adv_counter/","504","1001"
"/index/_vti_txt.php","504","993"
"/program/AboutUs.php","502","991"
"/authorization/.passwd.php","502","993"
"/ucenter/Admin.txt","504","1001"
"/Login/addreply","502","1001"
"/info/autobackup.php","502","999"
"/ckeditor/_include.php","502","993"
"/shadow/_vti_pvt.php","502","995"
"/incs/_swf","502","997"
"/cas/_lib/","502","997"
"/d/_assets","502","995"
"/zh_TW/addressbook","502","1003"
"/sandbox/admin_area","504","997"
"/theme/advert.txt","502","999"
"/wedding/AdminTools.php","502","991"
"/Recycled/1x1.txt","504","995"
"/index.htm/AboutUs.txt","504","995"
"/flag/.listing.php","502","999"
"/fwlink/_mm.php","504","1005"
"/program/accessgranted.php","504","991"
"/ckeditor/_dummy/","504","999"
"/index.htm/abuse.txt","504","991"
"/bob/_fpclass.txt","504","997"
"/maven/accommodation.php","504","991"
"/index/_temp","504","1003"
"/card/_overlay","504","995"
"/bs/_data/","504","997"
"/privmsg/askapache.txt","504","997"
"/card/_src.php","504","993"
"/login_sendpass/_vti_txt.php","504","997"
"/Indy_admin/_vti_txt/","504","995"
"/index/_templates","504","993"
"/roam/about-us/","504","993"
"/program/8.txt","502","995"
"/bs/.web.txt","502","999"
"/index.html/activate.txt","504","995"
"/africa/_.txt","504","995"
"/stylesheet/advanced_search.php","504","989"
"/inc/~tmp/","504","997"
"/program/access_log.1.php","504","991"
"/g/act/","504","999"
"/theme/aff.txt","504","993"
"/incs/_vti_inf.txt","504","997"
"/fwlink/_resources/.svn/entries.txt","504","993"
"/ckeditor/_dev/","504","995"
"/math/7z.txt","504","991"
"/backdoor/.sh_history/","504","1001"
"/index/~log/","504","997"
"/sex/~root.txt","504","997"
"/index.html/~test.php","504","991"
"/subdomains/ask.php","504","987"
"/organisations/~sys/","504","989"
"/incubator/_vti_bin/","502","997"
"/.profile/_borders.php","504","1001"
"/flag/_conf.txt","504","999"
"/d/_js.txt","504","997"
"/bs/_notes","504","1007"
"/index.html/~webmaster.php","504","993"
"/index_2/2003.php","504","999"
"/incs/~adm","504","995"
"/sav/arbeit","504","1001"
"/roam/acct_login/","504","995"
"/index/~guest","504","995"
"/backdoor/_.txt","502","997"
"/privmsg/asset.txt","504","993"
"/sex/aliases/","504","991"
"/africa/_common/","504","993"
"/call/@.php","504","999"
"/info/aw","504","997"
"/africa/_catalogs","504","995"
"/Recycled/action","504","987"
"/inc/~ftp.txt","504","997"
"/login_db/2257.php","504","995"
"/wedding/advanced/","504","997"
"/fwlink/_src","504","995"
"/Indy_admin/~administrator","504","1001"
"/imgs/00.php","504","991"
"/ucenter/adlog","502","995"
"/incubator/~ftp/","502","991"
"/authorization/_backup.txt","504","1001"
"/privs/firmware","504","1005"
"/index.php/01","504","999"
"/av/_data","504","991"
"/backdoor/.web.txt","504","995"
"/carbuyaction/_css.php","504","991"
"/incubator/~http.php","504","999"
"/maven/accessgranted","504","993"
"/fx/~logs.txt","504","993"
"/psd/advanced_search.php","504","993"
"/privs/directories.php","504","1001"
"/skin/accessibility","504","1001"
"/math/4","504","1005"
"/sav/ars","504","995"
"/subdomains/aspnet_client.php","504","1003"
"/Login/admin1","504","1001"
"/inc/~admin.php","504","1001"
"/fwlink/_vti_bin/_vti_adm/admin.dll.txt","504","999"
"/d/_mmserverscripts.php","504","1001"
"/stylesheet/affiliatewiz.txt","504","999"
"/organisations/1000.php","504","995"
"/incs/_vti_script.php","504","999"
"/index/_vti_aut","502","1001"
"/skin/access.1.php","504","993"
"/index.php/07","504","993"
"/fx/32/","504","999"
"/bob/_layouts.txt","504","999"
"/index_2/2009.php","504","995"
"/img2/0","504","995"
"/fw/_vti_cnf","504","995"
"/flag/.htpasswd/","504","993"
"/.profile/_themes/","502","991"
"/fw/_layouts.php","504","989"
"/shadow/03.php","504","999"
"/carpet/_/","504","991"
"/psd/affiche.txt","504","995"
"/img2/02.php","504","993"
"/imgs/07.txt","504","999"
"/index.htm/acct_login","504","999"
"/backdoor/_data.txt","504","997"
"/call/_vti_log/apply/","504","997"
"/inc/~operator/","504","1001"
"/sex/alumni_add/","504","1001"
"/login_sendpass/~adm.txt","502","995"
"/http/audio","504","1001"
"/hide/_mm","504","993"
"/card/_vti_pvt.txt","504","989"
"/skin/acct_login/","504","1001"
"/privmsg/authoring","504","997"
"/ckeditor/_template.txt","502","995"
"/math/50.php","504","1005"
"/fwlink/_resources/_common.txt","504","1001"
"/wedding/administrador.txt","504","999"
"/fw/_install/","504","999"
"/img2/06","504","999"
"/.git/HEAD/_archive","504","989"
"/sex/~user","504","995"
"/d/_js","504","997"
"/av/_includes.php","504","997"
"/sub/com_sun_web_ui.php","504","993"
"/privmsg/arts.txt","504","997"
"/privmsg/artists.txt","504","991"
"/skin/abc123/","502","991"
"/organisations/1997.php","504","993"
"/imgs/1990.txt","504","991"
"/fwlink/~administrator.txt","504","997"
"/bob/@","504","1005"
"/zh_TW/administrat","504","1001"
"/backdoor/_js.txt","504","991"
"/authorization/_img.php","504","997"
"/maven/activity/","504","995"
"/Recycled/addreply/","504","997"
"/organisations/2001/","504","999"
"/privmsg/analytics/","504","995"
"/fwlink/_resources/_db_backups","504","991"
"/privmsg/96/1001.txt","504","999"
"/cas/~apache.php","504","991"
"/incubator/09","504","999"
"/bs/_vti_cnf","504","1003"
"/index.html/103.php","504","1007"
"/incs/~sysadmin","502","991"
"/sex/100","502","1001"
"/sex/1001","502","1001"
"/http/avatars.txt","504","997"
"/cardinalform/addreply.php","504","995"
"/math/acatalog.txt","504","995"
"/roam/addreply.txt","504","993"
"/theme/alerts/","504","1003"
"/assetmanagement/_install.php","504","991"
"/fx/01.txt","504","999"
"/privmsg/administrators/_dummy/","504","993"
"/index.html/1992/","504","993"
"/fw/~administrator","504","1003"
"/flag/_mm.php","504","993"
"/roam/admin-interface","504","997"
"/fwlink/_resources/_dev.txt","504","997"
"/.profile/_reports.txt","504","987"
"/cardinalform/addresses.txt","504","987"
"/info/backup_migrate.txt","504","997"
"/fw/_vti_script/","504","993"
"/card/~http/","504","1003"
"/fx/13","504","993"
"/stylesheet/alarms.php","504","995"
"/sav/assetmanagement/","504","991"
"/inc/1999/","504","989"
"/index.php/1995/","504","1001"
"/sex/103","504","991"
"/program/addons.php","504","1001"
"/d/_themes.php","504","1009"
"/index.htm/add_cart","504","997"
"/card/~root/","504","995"
"/ucenter/admin.cgi.php","504","999"
"/incs/~www.txt","504","995"
"/index.php/1993","504","997"
"/index_2/22.txt","504","997"
"/ucenter/admin1","504","1001"
"/theme/AggreSpy.php","504","989"
"/organisations/100.php","504","997"
"/africa/_mem_bin.txt","504","995"
"/img2/02.txt","504","997"
"/flag/.profile/","504","999"
"/.profile/~operator/","504","991"
"/fwlink/~log","504","991"
"/sex/12.txt","504","991"
"/fwlink/_resources/_adm.txt","502","1001"
"/card/_vti_bin/_vti_aut/author.dll.php","504","997"
"/authorization/_files.txt","504","993"
"/zh_TW/admin-console","504","999"
"/login_db/2014.txt","504","993"
"/ckeditor/~log.txt","504","993"
"/d/_src/","504","995"
"/cardinalform/addnews.php","504","995"
"/maven/activities.txt","504","997"
"/.git/HEAD/_fpclass/","504","999"
"/fx/06.php","504","991"
"/organisations/~log.txt","504","993"
"/incs/~sys/","504","999"
"/backdoor/_layouts.php","504","993"
"/authorization/_install","504","991"
"/Recycled/about.php","504","993"
"/index_2/30.txt","504","995"
"/assetmanagement/_resources","504","993"
"/hide/_dummy.txt","504","995"
"/africa/_notes.txt","504","995"
"/index.php/_tempalbums/.cache","504","993"
"/sex/15","504","995"
"/d/_templates","504","991"
"/sav/aspnet_client","504","1001"
"/fx/51/","504","993"
"/info/bak-up.txt","504","993"
"/roam/address.txt","504","995"
"/login_db/400.txt","504","997"
"/bs/~operator.php","504","991"
"/login_sendpass/100/","504","999"
"/call/flvideo.txt","504","991"
"/Login/adv/","504","997"
"/info/avatars/","504","991"
"/ckeditor/_vti_script.txt","504","1001"
"/theme/all-wcprops","504","995"
"/maven/add_cart.txt","504","1001"
"/privs/flyspray","504","991"
"/sav/attach.txt","504","987"
"/fwlink/1993/","504","995"
"/math/a/","504","999"
"/privmsg/asp","502","991"
"/cas/_ajax.txt","502","997"
"/sandbox/admissions.txt","504","1005"
"/info/backgrounds","502","995"
"/psd/affiliate","502","991"
"/call/_data.php","502","995"
"/fx/100.txt","504","997"
"/login_db/404.php","504","993"
"/maven/add_cart/","502","1001"
"/math/AboutUs/","504","993"
"/Recycled/admin.php/","504","993"
"/cas/02.php","504","991"
"/img2/~sys","504","1003"
"/authorization/_ajax.php","504","995"
"/theme/agb.php","504","995"
"/login_db/~http/","504","999"
"/backdoor/_res.php","504","999"
"/maven/add_cart","504","1001"
"/fw/~root","504","997"
"/incs/1000/","504","1001"
"/shadow/1995/","504","991"
"/Indy_admin/~ftp.php","504","1005"
"/wedding/alpha","504","997"
"/carbuyaction/_mm/","504","997"
"/info/aux/","504","991"
"/cas/~ftp","502","1001"
"/call/formatting/","502","1001"
"/info/balance","502","997"
"/sandbox/advertisers/","504","993"
"/d/~administrator.php","504","989"
"/psd/am.txt","504","993"
"/program/admin_area.php","504","995"
"/sandbox/agb","502","993"
"/Indy_admin/~webmaster/","502","1005"
"/hide/_notes.php","502","995"
"/program/acp","502","1001"
"/bob/_tempalbums.php","504","987"
"/av/_test","504","995"
"/sex/20.txt","504","995"
"/fwlink/00","504","995"
"/skin/Admin/","504","1003"
"/sex/any/","504","993"
"/skin/ADM/","504","997"
"/.git/HEAD/_swf.txt","504","997"
"/fw/0.txt","504","997"
"/program/address.php","504","993"
"/card/~guest","504","995"
"/index/09","504","995"
"/d/_tempalbums","504","1003"
"/incubator/~root.php","504","991"
"/hide/_vti_map","504","991"
"/hide/_vti_inf","504","999"
"/d/_vti_log","504","997"
"/sex/2","504","999"
"/index.htm/admin.php","504","997"
"/program/admin_.php","504","997"
"/Indy_admin/1996.txt","504","993"
"/program/admin_index.php","504","993"
"/subdomains/authorization/","504","993"
"/index.html/_scripts/.rhosts.txt","504","1007"
"/av/_templates","504","1003"
"/authorization/_source.txt","504","993"
"/authorization/_stats.php","504","997"
"/maven/ADM.txt","504","997"
"/ucenter/adserver/","504","1003"
"/authorization/_temp/","504","995"
"/privmsg/axis-admin","504","993"
"/backdoor/_swf","504","1001"
"/g/administratie.txt","504","995"
"/http/BackOffice.txt","504","997"
"/maven/ADMIN.txt","504","999"
"/incs/102.txt","504","997"
"/cas/_vti_bin/shtml.dll.txt","504","997"
"/program/addnews","504","997"
"/ucenter/adminpro.txt","504","993"
"/ucenter/admintools.txt","504","997"
"/index/15","504","997"
"/bs/~log","504","997"
"/shadow/1999/","504","993"
"/Login/affiliate_terms/","504","1001"
"/psd/alcatel.txt","504","995"
"/Recycled/access-log.1.php","504","1003"
"/bs/_vti_map.txt","504","997"
"/http/backoffice.txt","504","993"
"/index/1994","504","995"
"/login_sendpass/~operator.php","504","1009"
"/skin/admin.php/","504","999"
"/g/~nobody.php","502","997"
"/fx/101.txt","502","993"
"/privmsg/administrators/_mem_bin/","502","997"
"/program/adclick","504","989"
"/authorization/_src.txt","504","1001"
"/skin/admin/","504","995"
"/subdomains/audits/","504","1003"
"/maven/addpost","504","999"
"/carbuyaction/_vti_bin/_vti_adm/admin.dll.php","504","997"
"/av/_vti_bin/shtml.dll","504","995"
"/program/administratie/","504","1003"
"/av/_install","504","993"
"/carbuyaction/_js.php","504","991"
"/incubator/~lp.php","504","999"
"/carbuyaction/_tmp.php","504","995"
"/index.php/101","504","995"
"/index_2/22.php","504","991"
"/card/101/","504","987"
"/incs/~logs/","504","997"
"/privmsg/apache/","502","991"
"/bs/_vti_inf.txt","502","993"
"/fwlink/_vti_bin/_vti_aut/author.dll","504","995"
"/cardinalform/ADMIN/","502","995"
"/psd/amember.txt","504","1001"
"/privs/disclosure.php","504","993"
"/flag/_themes.txt","504","993"
"/wedding/amanda.php","502","993"
"/info/base.php","502","999"
"/roam/apple.php","504","991"
"/index/admin-admin.txt","504","1001"
"/index.php/access-log.1.php","504","1009"
"/privmsg/app/","504","999"
"/Login/adobe.php","504","993"
"/index/~www/","504","1005"
"/inc/13/","504","997"
"/fwlink/_resources/_cache","504","995"
"/africa/_dev.txt","504","995"
"/stylesheet/affiliatewiz.php","504","997"
"/carpet/logview.txt","504","995"
"/index.php/101/","504","993"
"/Recycled/accounting.php","504","1003"
"/index.html/2257/","504","997"
"/fx/2001.php","504","997"
"/bs/102.php","504","997"
"/sandbox/all-wcprops/","504","1001"
"/organisations/2012.php","502","993"
"/theme/amember.txt","504","1003"
"/zh_TW/affiliates.php","504","999"
"/imgs/2008.txt","502","989"
"/bob/_tempalbums","504","997"
"/zh_TW/af.txt","504","995"
"/inc/08.txt","502","999"
"/index_2/abc123.php","504","991"
"/sex/answers/","504","993"
"/subdomains/automation.txt","504","993"
"/wedding/amazon/","504","997"
"/authorization/_stats.txt","504","999"
"/math/ac/","502","991"
"/hide/_themes","504","999"
"/http/bak.txt","504","991"
"/flag/_vti_bin.php","504","1003"
"/shadow/1993/","502","993"
"/http/aux","504","993"
"/math/activate.txt","504","993"
"/fw/03","504","999"
"/fx/20.txt","504","997"
"/login_db/abstract.php","504","1001"
"/ucenter/admin.php.php","504","997"
"/subdomains/atom/","504","991"
"/index.php/11.txt","504","1005"
"/roam/addressbook/","504","1003"
"/wedding/akamai","504","993"
"/Recycled/access_log.1.txt","504","1001"
"/assetmanagement/_vti_bin/_vti_adm/admin.dll","504","997"
"/index.php/3/","504","1001"
"/incubator/15/","504","999"
"/Indy_admin/13.php","504","997"
"/theme/antibot_image.php","504","995"
"/index.php/_tempalbums/.listing","504","1003"
"/africa/_styles.txt","504","989"
"/av/_themes.php","504","993"
"/assetmanagement/_tmp","504","997"
"/wedding/am.php","504","995"
"/card/~tmp","504","997"
"/info/bar.php","504","997"
"/psd/alerts.php","504","991"
"/subdomains/autocheck.txt","504","987"
"/index.html/admin-admin.txt","504","993"
"/theme/announcements/","504","997"
"/index.html/addreply.txt","504","997"
"/theme/ansi/","504","997"
"/zh_TW/agents.php","504","995"
"/shadow/2257","504","1001"
"/g/06.php","504","997"
"/av/_layouts/","502","987"
"/flag/_dev/","502","991"
"/authorization/_cache.php","502","997"
"/sandbox/advanced","502","993"
"/.git/HEAD/_borders","502","997"
"/login_db/~nobody/","502","995"
"/carpet/tpv.php","502","1001"
"/wedding/analyse/","504","993"
"/inc/1992","504","999"
"/backdoor/_vti_txt/","504","987"
"/incubator/1995.php","504","999"
"/subdomains/assetmanage.txt","504","991"
"/bob/_lib","504","991"
"/Indy_admin/20","504","995"
"/privmsg/administrators/_db_backups.txt","504","995"
"/psd/analysis/","504","1003"
"/index.html/_scripts/_database","504","989"
"/index.php/2009.txt","504","991"
"/.git/HEAD/_tmpfileop","504","995"
"/Indy_admin/200","504","999"
"/av/_resources.txt","504","1001"
"/card/~root.txt","504","1001"
"/bob/_res.php","504","989"
"/card/_vti_bin/_vti_aut/author.dll","504","995"
"/Recycled/42.txt","504","999"
"/hide/_files.txt","504","1001"
"/sub/collapse.php","504","1001"
"/math/abstract.php","504","995"
"/fwlink/_resources/_notes","504","991"
"/img2/2004.php","504","995"
"/bob/_vti_script","504","997"
"/sav/authentication","504","1001"
"/roam/architect.php","504","1001"
"/Recycled/active.php","504","993"
"/Login/affiliate_info.txt","504","999"
"/stylesheet/ajax","524","993"
"/psd/adverts.php","524","999"
"/bs/_overlay/","524","995"
"/privs/destinations/","524","995"
"/bob/_vti_script/","504","1001"
"/index.php/2010/","504","999"
"/shadow/2.php","504","1009"
"/math/01/.htpasswd","504","995"
"/bob/_vti_bin/_vti_adm/admin.dll","504","1005"
"/inc/2012/","504","999"
"/authorization/_vti_inf.txt","504","997"
"/organisations/_template/.subversion.txt","504","993"
"/cas/103","504","993"
"/index.htm/admin2/","504","987"
"/Indy_admin/1x1.php","504","997"
"/call/fotos/","504","1005"
"/psd/amazon","504","1001"
"/authorization/~ftp/","504","999"
"/card/123.txt","504","995"
"/skin/administer/","504","1003"
"/hide/~mail","504","997"
"/authorization/~guest/","504","991"
"/cardinalform/admin-interface.txt","504","1001"
"/stylesheet/apis.txt","504","997"
"/cardinalform/ads","504","995"
"/av/~lp/","504","995"
"/sandbox/agents.php","504","995"
"/http/BackOffice.php","504","997"
"/organisations/_template/_baks.php","504","991"
"/img2/00","524","991"
"/call/forumcp.txt","504","993"
"/authorization/~log/","504","1001"
"/skin/administrador/","504","995"
"/sex/append/","504","997"
"/privmsg/balance","504","991"
"/g/adv_counter.txt","504","995"
"/cardinalform/adserver","504","997"
"/login_db/action.txt","504","999"
"/sav/awl.txt","504","993"
"/.profile/2000/","504","997"
"/incs/~bin.txt","504","995"
"/http/banner.txt","504","999"
"/g/adobe.txt","504","991"
"/sandbox/and/","504","999"
"/card/103.txt","504","995"
"/organisations/50.txt","504","1001"
"/.profile/~guest.txt","504","999"
"/carpet/validation","504","993"
"/Login/advertise.php","504","1005"
"/fwlink/101.txt","504","997"
"/fw/1000/","504","989"
"/sandbox/analyse","504","993"
"/wedding/analysis.txt","504","997"
"/flag/~admin/","504","993"
"/organisations/64.txt","504","1001"
"/login_sendpass/20","504","1003"
"/organisations/_swf/.forward/","504","997"
"/flag/~log/","504","991"
"/maven/admin3","504","995"
"/fx/23.txt","504","997"
"/carbuyaction/~lp","504","989"
"/backdoor/~adm.php","504","993"
"/organisations/_template/_conf.php","504","999"
"/Recycled/admins/","504","997"
"/Login/affiche.php","504","999"
"/incubator/404.txt","504","993"
"/Login/agent","504","993"
"/.profile/~operator.txt","504","993"
"/psd/answer/","504","1003"
"/incs/200.php","504","1001"
"/organisations/500","504","991"
"/sex/300","504","1003"
"/cardinalform/admintools.txt","504","1001"
"/.git/HEAD/~apache","504","997"
"/index.html/_scripts/_mm","504","995"
"/cardinalform/advanced_search","504","993"
"/index_2/accounts.txt","504","991"
"/organisations/7z/","504","991"
"/index.htm/administer","504","991"
"/fw/~tmp.php","504","991"
"/Recycled/admin3","504","993"
"/authorization/~adm.php","504","989"
"/fx/ad/","504","993"
"/sex/3.txt","504","995"
"/authorization/~amanda.txt","504","991"
"/index.html/_scripts/_dummy.txt","504","999"
"/d/~webmaster.php","504","997"
"/subdomains/axis2.php","504","991"
"/Login/aff/","504","993"
"/Login/advanced_search.txt","504","997"
"/flag/_templates.php","504","1009"
"/Login/advanced.txt","504","997"
"/fx/1998.php","504","991"
"/bs/1.php","504","993"
"/roam/~user/102.php","504","995"
"/sub/archivos/","502","997"
"/info/beheer.txt","502","991"
"/assetmanagement/~root/","502","1003"
"/ckeditor/1995.php","502","1001"
"/skin/adclick.txt","504","991"
"/program/admin.cgi.txt","504","995"
"/privmsg/api/","504","993"
"/fwlink/_resources/_mm","504","995"
"/fwlink/_resources/_vti_pvt","504","993"
"/imgs/8.txt","504","1001"
"/.profile/2005/","504","989"
"/privmsg/96/42.txt","504","1007"
"/shadow/acp.txt","504","995"
"/organisations/_template/.forward/","502","999"
"/index.php/1x1.txt","502","989"
"/av/_tmp.php","502","997"
"/assetmanagement/_scriptlibrary.txt","502","991"
"/shadow/20.php","502","1005"
"/g/admin4_colon/","502","997"
"/index.php/_tempalbums/_data","504","995"
"/Login/alumni_reunions/","504","995"
"/bob/_vti_bin/_vti_aut/author.dll","502","1005"
"/av/~mail.php","504","1001"
"/carpet/_admin/","504","993"
"/img2/401.php","504","997"
"/inc/2002.php","504","991"
"/flag/_tmp","504","997"
"/cas/05/","502","997"
"/privs/dk/","504","997"
"/index.html/51.php","504","999"
"/organisations/_swf/.ssh.txt","504","999"
"/subdomains/backoffice.php","504","997"
"/imgs/abc.txt","504","997"
"/Login/affiche/","502","995"
"/index.htm/administratie.php","504","995"
"/zh_TW/agenda","504","993"
"/login_db/add_cart","504","993"
"/index.php/_tempalbums/_.txt","504","993"
"/ucenter/agb.php","504","993"
"/organisations/acatalog/","504","993"
"/roam/all-wcprops","504","997"
"/fx/9","504","1001"
"/av/~webmaster.php","504","1001"
"/psd/appl.txt","504","991"
"/shadow/abcd1234","504","995"
"/bs/200","504","999"
"/zh_TW/alcatel","504","999"
"/incs/24","504","991"
"/d/11","504","999"
"/theme/applications.txt","504","993"
"/roam/ads/","504","997"
"/Login/android/","504","999"
"/info/bitrix.php","504","995"
"/wedding/apexec.php","504","1007"
"/hide/~www/","504","1007"
"/fw/1994.php","504","1001"
"/bs/00/","504","1007"
"/sav/backup_migrate.txt","504","999"
"/g/200.php","504","1001"
"/skin/administr8.php","504","1007"
"/index.html/admin-console.txt","502","997"
"/call/framework.txt","502","991"
"/carpet/macromedia.txt","504","997"
"/incubator/a.txt","502","991"
"/fwlink/a/","504","997"
"/img2/7","504","997"
"/cardinalform/advert.txt","504","991"
"/skin/adm.txt","504","1009"
"/img2/abcd1234.txt","504","993"
"/wedding/app_themes","504","991"
"/incubator/abcd.txt","504","997"
"/index/42","504","993"
"/incubator/64","504","1005"
"/.git/HEAD/~test/","504","997"
"/call/_vti_log/automatic/","504","997"
"/imgs/abuse.php","504","995"
"/organisations/_swf/@/","504","993"
"/carbuyaction/1","504","991"
"/math/01/.svn.php","504","987"
"/d/123.php","504","1005"
"/hide/_vti_inf/","502","995"
"/inc/1","504","997"
"/login_sendpass/7/","504","995"
"/info/bl.php","504","993"
"/sav/backups/","504","1001"
"/Login/annual/","504","999"
"/roam/advanced/","504","1001"
"/zh_TW/all","504","993"
"/call/_vti_log/axis2-admin/","504","1001"
"/card/2008","504","991"
"/africa/~webmaster.txt","504","993"
"/assetmanagement/~tmp.txt","504","993"
"/index.html/adview.txt","504","995"
"/program/advertisement.php","504","995"
"/fx/7z.txt","504","993"
"/assetmanagement/~bin.txt","504","995"
"/bs/2003","504","1003"
"/psd/appliance.txt","504","999"
"/wedding/append.php","504","991"
"/wedding/apl","504","1005"
"/subdomains/BackOffice/","504","1003"
"/inc/2257.php","504","1005"
"/psd/apis/","504","1007"
"/psd/api/","504","999"
"/organisations/acc/","504","1001"
"/fx/2010.php","504","993"
"/roam/administratie.txt","504","993"
"/maven/admin4_colon.txt","504","1001"
"/organisations/academics/","504","999"
"/bs/123/","504","1005"
"/flag/_vti_script.php","504","991"
"/bob/12/","504","989"
"/sub/ask_a_question/","504","1003"
"/cardinalform/adverts.txt","504","991"
"/login_sendpass/3","504","999"
"/Recycled/advice/","504","997"
"/roam/alumni_details","504","993"
"/psd/app_data/","504","997"
"/maven/adodb/","504","991"
"/organisations/access-log/","504","995"
"/privs/document/","504","999"
"/sub/asp/","504","999"
"/flag/01","504","993"
"/call/from.txt","504","1001"
"/cas/123.txt","504","995"
"/Login/all.php","504","999"
"/Recycled/admin_login.txt","504","995"
"/index_2/addnews.php","504","997"
"/fx/7.php","504","993"
"/img2/aaa.txt","504","993"
"/hide/12","502","999"
"/sex/array/","502","993"
"/wedding/app_data.php","504","997"
"/img2/aa.txt","504","989"
"/index.htm/adminsql.txt","504","995"
"/fw/2010/","504","997"
"/img2/9.php","504","995"
"/roam/advertisers/","504","997"
"/d/12.php","504","993"
"/index.htm/admissions","504","997"
"/index/a","504","1015"
"/card/2008.php","504","997"
"/authorization/~nobody.php","504","997"
"/incs/403","504","991"
"/card/101.txt","504","1003"
"/cas/~log.txt","504","1007"
"/index.php/accommodation/","504","1001"
"/g/agenda/","504","995"
"/sex/96.php","504","995"
"/imgs/affiliate/","504","1001"
"/login_db/admin.php","504","993"
"/hide/11/","504","993"
"/psd/app_browser.php","504","997"
"/fwlink/_resources/~operator","504","997"
"/g/affiliate_terms/","504","993"
"/index.html/aff.txt","504","991"
"/africa/~sysadm","504","995"
"/sav/bak-up/","504","993"
"/africa/00.txt","504","995"
"/sub/Contact.php","504","993"
"/organisations/_template/_private/","504","987"
"/Recycled/affiche","504","997"
"/organisations/_template/_mem_bin.php","504","1001"
"/carpet/version","504","993"
"/info/bk.txt","504","993"
"/index.html/A.php","504","995"
"/organisations/academics.txt","504","991"
"/bob/102.txt","504","991"
"/Login/africa","504","995"
"/Login/affiliates","504","1005"
"/d/15","502","1005"
"/subdomains/bad_link/","502","1003"
"/privmsg/administrators/06/","504","997"
"/psd/arch.txt","504","995"
"/psd/arbeit.txt","504","1007"
"/bs/.git/HEAD/_baks","504","995"
"/login_sendpass/8.php","504","1001"
"/Indy_admin/abcd/","504","993"
"/sex/about-us.txt","504","1003"
"/http/banner_element/","504","987"
"/info/blog_report","504","1005"
"/shadow/addtocart.txt","504","993"
"/carbuyaction/1001.php","504","1001"
"/math/01/_images","504","993"
"/index.html/abstract.php","504","1001"
"/info/blogindex.php","504","995"
"/flag/13/","504","995"
"/d/2004","504","995"
"/sav/backups","504","999"
"/wedding/ar","504","999"
"/theme/articles.txt","504","991"
"/stylesheet/analyse","504","993"
"/sub/companies.php","504","1003"
"/.git/HEAD/_styles/","504","997"
"/index.htm/adm.txt","504","995"
"/africa/_private","504","991"
"/bs/_vti_txt.txt","504","999"
"/sav/authentication/","504","995"
"/bs/20","504","1007"
"/incs/2011.php","504","995"
"/call/_vti_log/alpha/.profile.txt","504","999"
"/sex/access-log.1.php","504","995"
"/sex/account_edit.php","504","997"
"/maven/aggregator.php","504","993"
"/sex/account.php","504","995"
"/fx/ac","504","997"
"/call/fuckoff.txt","504","999"
"/bs/2g","502","993"
"/login_sendpass/aboutus/","502","993"
"/av/13.php","502","993"
"/shadow/academic.php","502","997"
"/program/agency.php","502","991"
"/zh_TW/and","504","991"
"/d/2003","504","993"
"/roam/affiliate_terms/","504","987"
"/psd/archive.txt","504","993"
"/index/AboutUs","502","993"
"/subdomains/base/","502","995"
"/img2/access.php","504","1003"
"/fx/achitecture","504","1005"
"/Recycled/ADM.php","502","991"
"/sav/backup2.txt","502","993"
"/carbuyaction/05/","502","1003"
"/roam/~user/2g.php","502","1001"
"/http/bbs.txt","502","991"
"/ucenter/alcatel/","502","997"
"/cardinalform/admissions.php","502","995"
"/d/1992.txt","502","995"
"/organisations/_template/_images","502","993"
"/roam/adserver.txt","502","995"
"/sav/b","502","991"
"/.profile/04.php","502","1001"
"/maven/administratoraccounts","502","997"
"/fw/2002","502","995"
"/math/admin4_account.txt","502","989"
"/info/bob.php","504","993"
"/login_sendpass/access/","504","991"
"/theme/asia.txt","504","993"
"/bs/42","504","995"
"/index.htm/agency","504","991"
"/roam/agents/","504","995"
"/incs/_derived/.htpasswd.php","504","1009"
"/program/alumni_info.txt","504","997"
"/ucenter/access_log.1/.svn","504","993"
"/index_2/admin_interface.php","504","993"
"/index.php/acct_login","504","997"
"/fwlink/_resources/1000.txt","504","999"
"/fwlink/_resources/1001.txt","504","993"
"/Recycled/album/","504","1001"
"/call/fusion.txt","504","991"
"/bs/.git/HEAD/_dev","504","991"
"/sex/accessibility.txt","504","995"
"/fx/administer/","504","997"
"/incs/About.txt","504","995"
"/maven/affiliate_info/","504","993"
"/sandbox/apc.txt","504","997"
"/info/boards.php","504","1001"
"/index/accessibility","504","995"
"/incubator/About.php","504","995"
"/info/bofh.php","504","997"
"/img2/account_history.php","504","993"
"/sex/abuse","502","991"
"/index/alumni.txt","504","993"
"/index/alt.txt","504","999"
"/psd/arbeit.php","504","995"
"/africa/103","504","995"
"/Recycled/administratoraccounts.txt","504","993"
"/hide/11.txt","504","997"
"/stylesheet/ashley","504","995"
"/index.html/access-log","504","991"
"/bs/.git/HEAD/_dev.txt","504","995"
"/subdomains/batch.txt","504","991"
"/cardinalform/AggreSpy/","504","995"
"/Indy_admin/acc.txt","504","997"
"/assetmanagement/2","504","1007"
"/Recycled/administrivia.php","504","993"
"/carpet/medias.txt","504","991"
"/incs/5.php","504","999"
"/img2/account_edit/","504","991"
"/ucenter/amember","504","1011"
"/.profile/6","504","999"
"/ckeditor/404.txt","504","997"
"/organisations/_swf/_styles.php","504","995"
"/d/3.php","504","993"
"/program/albums.php","504","989"
"/ckeditor/9.php","504","1003"
"/login_db/access/","504","1003"
"/subdomains/bd.php","504","995"
"/cas/abc/","504","1001"
"/assetmanagement/2002/","504","1015"
"/inc/ac.txt","504","993"
"/login_sendpass/ac","504","993"
"/cardinalform/alt.txt","504","995"
"/img2/acp","504","993"
"/carpet/votes","504","995"
"/carpet/voter","504","995"
"/organisations/addreply.txt","504","991"
"/index/anon.txt","504","989"
"/index/anonymous.txt","504","995"
"/index/anon_ftp.txt","504","993"
"/ckeditor/A.txt","504","995"
"/wedding/assetmanage/","504","997"
"/img2/adclick/","504","999"
"/index.html/admin.pl/","504","995"
"/maven/alarms.txt","504","995"
"/Login/appeal.txt","504","993"
"/ucenter/apc.php","504","995"
"/math/advice.txt","504","995"
"/roam/automation.php","504","995"
"/http/blow.txt","504","1001"
"/roam/aliases.txt","504","999"
"/bs/access.1.php","504","999"
"/organisations/_swf/_js","504","1003"
"/roam/~user/accessgranted.php","504","993"
"/organisations/_template/_vti_txt","504","999"
"/Recycled/AdminService.php","504","997"
"/math/01/_mem_bin/","504","997"
"/shadow/addons","504","999"
"/ucenter/api/","504","997"
"/inc/access-log.1","504","991"
"/inc/access.txt","504","997"
"/fx/action.php","504","991"
"/flag/2006.php","504","995"
"/ucenter/any.php","504","995"
"/g/analysis","504","995"
"/sav/best.txt","504","993"
"/organisations/_swf/_scripts/","504","991"
"/organisations/_template/~adm","504","997"
"/carbuyaction/22/","504","995"
"/organisations/_template/_vti_rpc","504","995"
"/flag/2009.php","504","999"
"/maven/analyse","504","993"
"/ucenter/apanel.php","504","993"
"/authorization/2011","504","991"
"/Recycled/adsl.php","504","999"
"/ucenter/apexec/","504","989"
"/fx/activeCollab.php","504","993"
"/http/bk","504","993"
"/backdoor/2","504","993"
"/bob/2011.php","504","993"
"/subdomains/binaries/","504","999"
"/subdomains/billing/","504","999"
"/psd/aspnet_client.txt","504","995"
"/subdomains/bin/","504","997"
"/subdomains/bill/","504","991"
"/index/activeCollab","504","993"
"/privmsg/adminpro/.cache","504","995"
"/math/01/_swf.php","504","1009"
"/privmsg/adminpro/.config","504","997"
"/privmsg/adminpro/.bashrc","504","995"
"/backdoor/2006","504","987"
"/sandbox/ask/","504","995"
"/roam/~user/accessibility.php","504","991"
"/privs/effort.php","504","995"
"/program/analysis/","504","1001"
"/http/big.php","504","999"
"/Indy_admin/abcd.php","504","991"
"/skin/agenda/","504","1003"
"/index/actions/","504","999"
"/fwlink/_resources/2007.txt","504","993"
"/ucenter/abuse/.profile.php","504","993"
"/login_sendpass/access_log.1.php","504","999"
"/http/board.txt","504","1003"
"/login_sendpass/accommodation","504","999"
"/carbuyaction/403.php","504","997"
"/maven/annuaire.php","504","1001"
"/privmsg/bkup.txt","504","997"
"/card/academics.php","504","999"
"/ucenter/96/.subversion.txt","504","991"
"/login_sendpass/action.php","504","993"
"/av/300","504","1001"
"/incubator/access_db.php","504","1007"
"/fx/accessgranted.txt","502","1003"
"/fw/64.txt","502","993"
"/index.htm/analog/","504","1001"
"/Indy_admin/accessibility","504","997"
"/math/01/_vti_bin/_vti_adm/admin.dll","504","993"
"/bs/.git/HEAD/_overlay.php","504","997"
"/sandbox/application.php","504","997"
"/ucenter/app_browser/","504","995"
"/psd/ask","504","997"
"/ucenter/access_log.1/_code","504","995"
"/maven/25/.config/","504","995"
"/fwlink/a.php","504","999"
"/skin/affiliate.php","504","993"
"/login_db/administer.php","504","995"
"/math/01/_old/","502","997"
"/bob/500.txt","504","997"
"/privmsg/administrators/102.txt","504","995"
"/cardinalform/all-wcprops.php","504","993"
"/sav/beheer.txt","504","993"
"/index.php/_tempalbums/_scriptlibrary.txt","504","993"
"/index.htm/alumni.php","504","997"
"/organisations/_swf/_scriptlibrary/","504","997"
"/index.htm/alumni_add.php","504","991"
"/ucenter/96/.svn.txt","504","995"
"/.profile/32.txt","504","993"
"/sex/address_book.txt","504","993"
"/privs/elmar.php","504","1005"
"/shadow/admissions.txt","504","993"
"/bs/access_db.php","504","993"
"/Recycled/2005/.git/HEAD","504","999"
"/fwlink/access_db","502","1001"
"/call/generateditems.txt","502","999"
"/africa/2011","502","993"
"/carpet/wa","502","989"
"/.git/HEAD/2g/","504","1003"
"/fx/addreply.php","504","999"
"/http/book.txt","504","997"
"/authorization/32","504","999"
"/privmsg/awardingbodies/","504","997"
"/stylesheet/assetmanage.php","504","1003"
"/index.php/admin-admin/","504","993"
"/bs/5/","504","1003"
"/ucenter/apache.php","504","995"
"/fwlink/_reports/.cvs.php","502","999"
"/zh_TW/as.txt","502","993"
"/stylesheet/audit","502","993"
"/sub/coupons1.php","502","997"
"/Recycled/adview.txt","502","995"
"/math/01/_source/","504","999"
"/program/apache.txt","502","995"
"/roam/axis2.php","504","995"
"/stylesheet/asps.php","502","987"
"/incs/accommodation/","504","1001"
"/login_db/affiche.txt","504","1001"
"/.profile/access_log","504","989"
"/skin/adv_counter.txt","504","993"
"/login_sendpass/acct_login.php","504","999"
"/sandbox/asmx/","504","993"
"/math/01/_stats.txt","504","997"
"/privmsg/adminpro/.listings.php","504","1001"
"/maven/alumni_reunions.txt","504","1003"
"/index.php/addresses","502","993"
"/subdomains/bio.php","504","995"
"/Recycled/advisories.php","504","1001"
"/index_2/adminsessions.php","504","989"
"/Recycled/africa.txt","504","989"
"/ucenter/append/","504","997"
"/ucenter/abuse/_baks.php","504","999"
"/carpet/22/","504","995"
"/incubator/adaptive","504","997"
"/fwlink/addtocart/","504","997"
"/assetmanagement/21.php","504","993"
"/roam/analog.txt","504","993"
"/math/agents.txt","504","993"
"/fx/addressbook.php","504","993"
"/Indy_admin/adaptive","504","1001"
"/fwlink/_reports/.cvsignore/","504","995"
"/login_sendpass/adlogger/","504","991"
"/bs/accessories","504","989"
"/incubator/activate.php","504","1001"
"/call/_vti_log/alpha/_net.txt","504","1001"
"/.profile/access-log","504","999"
"/shadow/adv_counter.txt","504","1003"
"/login_sendpass/account_history","502","991"
"/sub/award/","502","987"
"/incubator/addpost.txt","502","993"
"/roam/applet","502","995"
"/index.php/ADMIN.txt","504","989"
"/index.htm/android.php","504","989"
"/hide/abcd/","504","1001"
"/ucenter/abuse/_database.txt","504","993"
"/fwlink/_reports/.htaccess.php","504","997"
"/ucenter/access_log.1/_includes","504","993"
"/skin/alarms.php","504","991"
"/incubator/addons","504","991"
"/index.php/_tempalbums/_vti_log.txt","504","1001"
"/index.html/addressbook","504","999"
"/inc/ad_js","504","1001"
"/cas/active.php","504","1001"
"/index_2/administracion/","502","991"
"/fw/access-log.1.php","504","997"
"/assetmanagement/300.txt","504","997"
"/index.php/_tempalbums/~administrator.txt","504","995"
"/backdoor/9/","504","993"
"/bs/access-log.1.txt","504","1001"
"/incs/activex/","504","1003"
"/av/9.php","504","997"
"/card/accommodation","504","991"
"/Login/asdf/","504","999"
"/info/bulksms.php","504","991"
"/index.html/addnews.php","502","995"
"/maven/annual.php","502","999"
"/index/activities/","502","999"
"/bs/.git/HEAD/_resources","502","997"
"/fwlink/_resources/2014","502","999"
"/math/01/_vti_txt.txt","504","997"
"/roam/~user/act.php","504","995"
"/assetmanagement/404","504","997"
"/privmsg/adminpro/.htpasswd.php","504","993"
"/sav/bean","504","995"
"/privmsg/awl/","504","993"
"/imgs/ADM.txt","502","999"
"/privs/gestion","504","991"
"/bob/64","504","999"
"/wedding/auction.php","504","1001"
"/cardinalform/analysis/","504","991"
"/call/_vti_log/be/","504","997"
"/ucenter/abuse/.swf/","504","1003"
"/flag/5","504","995"
"/shadow/ADM.php","504","993"
"/cas/adaptive/","504","1003"
"/Recycled/2005/.perf.php","504","995"
"/carbuyaction/6/","504","995"
"/carpet/web.xml","504","997"
"/assetmanagement/30.txt","504","995"
"/fwlink/_reports/.listings.txt","504","995"
"/backdoor/30","504","995"
"/math/affiche.php","504","993"
"/privs/emailhandler.php","504","1003"
"/carbuyaction/96.php","504","995"
"/av/64","504","997"
"/sandbox/at/","504","1001"
"/.profile/addons/","504","997"
"/ucenter/96/_code.txt","504","991"
"/login_sendpass/add.php","504","999"
"/bs/.git/HEAD/_scriptlibrary.php","502","991"
"/maven/apache","504","1001"
"/index.html/Admin.php","504","999"
"/fwlink/_resources/3rdparty.txt","504","989"
"/organisations/admin_.txt","502","999"
"/Recycled/announce/","502","995"
